NO;DIMENSI;SUB DIMENSI;INDIKATOR;ITEM;SKOR Rata-Rata;SKOR 1;SKOR 2;SKOR 3;SKOR 4;SKOR 5;INTERVENSI KEGIATAN;PELAKSANA KEGIATAN PUSAT;PELAKSANA KEGIATAN PROVINSI;PELAKSANA KEGIATAN KABUPATEN;PELAKSANA KEGIATAN DESA;PELAKSANA KEGIATAN Lainnya
1;LAYANAN DASAR;SUB-DIMENSI PENDIDIKAN;AKSES TERHADAP PAUD/TK/Sederajat;Keberadaan PAUD/TK/Sederajat di Desa;;;;;;;;Kemendikbud, Kemendagri, Kementerian PUPR;Dinas PMD, Dinas Dikbud, Dinas PUPR;Dinas Dikbud, Dinas PMD, Dinas PUPR;Desa;Swasta
1;LAYANAN DASAR;SUB-DIMENSI PENDIDIKAN;AKSES TERHADAP PAUD/TK/Sederajat;Kemudahan Akses menuju PAUD/TK/Sederajat terdekat di Desa;;;;;;;;Kemendikbud, Kemendagri, Kementerian PUPR;Dinas PMD, Dinas Dikbud, Dinas PUPR;Dinas Dikbud, Dinas PMD, Dinas PUPR;Desa;Swasta
1;LAYANAN DASAR;SUB-DIMENSI PENDIDIKAN;AKSES TERHADAP PAUD/TK/Sederajat;Angka Partisipasi Murni (APM) anak usia 3 - 6 tahun yang bersekolah PAUD/TK/Sederajat di desa;;;;;;;;Kemendikbud, Kemendagri, Kementerian PUPR;Dinas PMD, Dinas Dikbud, Dinas PUPR;Dinas Dikbud, Dinas PMD, Dinas PUPR;Desa;Swasta
1;LAYANAN DASAR;SUB-DIMENSI PENDIDIKAN;AKSES TERHADAP SD/MI/Sederajat;Kemudahan Akses menuju SD/MI/Sederajat terdekat di Desa;;;;;;;;Kemendikbud, Kemendagri, Kementerian PUPR;Dinas PMD, Dinas Dikbud, Dinas PUPR;Dinas Dikbud, Dinas PMD, Dinas PUPR;Desa;Swasta
1;LAYANAN DASAR;SUB-DIMENSI PENDIDIKAN;AKSES TERHADAP SD/MI/Sederajat;Angka Partisipasi Murni (APM)  anak usia 7-12 tahun yang bersekolah SD/MI/Sederajat di desa;;;;;;;;Kemendikbud, Kemendagri, Kementerian PUPR;Dinas PMD, Dinas Dikbud, Dinas PUPR;Dinas Dikbud, Dinas PMD, Dinas PUPR;Desa;Swasta
1;LAYANAN DASAR;SUB-DIMENSI PENDIDIKAN;AKSES TERHADAP SMP/MTs/Sederajat;Kemudahan Akses menuju SMP/MTs/Sederajat terdekat di Desa;;;;;;;;Kemendikbud, Kemendagri, Kementerian PUPR;Dinas PMD, Dinas Dikbud, Dinas PUPR;Dinas PMD, Dinas PUPR;Desa;Swasta
1;LAYANAN DASAR;SUB-DIMENSI PENDIDIKAN;AKSES TERHADAP SMP/MTs/Sederajat;Angka Partisipasi Murni (APM)  anak usia 13-15 tahun yang bersekolah SMP/MTs/Sederajat di desa;;;;;;;;Kemendikbud, Kemendagri, Kementerian PUPR;Dinas PMD, Dinas Dikbud, Dinas PUPR;Dinas PMD, Dinas PUPR;Desa;Swasta
1;LAYANAN DASAR;SUB-DIMENSI PENDIDIKAN;AKSES TERHADAP SMA/SMK/MA/MAK/Sederajat;Kemudahan Akses menuju SMA/SMK/MA/MAK/Sederajat terdekat di Desa;;;;;;;;Kemendikbud, Kemendagri, Kementerian PUPR;Dinas PMD, Dinas Dikbud, Dinas PUPR;Dinas PMD, Dinas PUPR;Desa;Swasta
1;LAYANAN DASAR;SUB-DIMENSI PENDIDIKAN;AKSES TERHADAP SMA/SMK/MA/MAK/Sederajat;Angka Partisipasi Murni (APM)  anak usia 16-18 tahun yang bersekolah SMA/SMK/MA/MAK/Sederajat di desa;;;;;;;;Kemendikbud, Kemendagri, Kementerian PUPR;Dinas PMD, Dinas Dikbud, Dinas PUPR;Dinas PMD, Dinas PUPR;Desa;Swasta
1;LAYANAN DASAR;SUB-DIMENSI KESEHATAN;Layanan Sarana Kesehatan;Kemudahan akses menuju Sarana Kesehatan;;;;;;;;Kemenkes, Kemen PUPR;Dinas PUPR;Dinas Kesehatan, DPMD, Dinas PUPR;Desa;Swasta
1;LAYANAN DASAR;SUB-DIMENSI KESEHATAN;Fasilitas Puskesmas Pembantu (Pustu);Keberadaan Fasilitas Puskesmas Pembantu (Pustu) termasuk  Poskesdes/Polindes di Desa;;;;;;;;Kemenkes, Kemen PUPR;Dinas PUPR;Dinas Kesehatan, DPMD, Dinas PUPR;Desa;Swasta
1;LAYANAN DASAR;SUB-DIMENSI KESEHATAN;Fasilitas Puskesmas Pembantu (Pustu);Kemudahan akses menuju Fasilitas Puskesmas Pembantu (Pustu) termasuk Kesehatan Poskesdes/Polindes;;;;;;;;Kemenkes, Kemen PUPR;Dinas PUPR;Dinas Kesehatan, DPMD, Dinas PUPR;Desa;Swasta
1;LAYANAN DASAR;SUB-DIMENSI KESEHATAN;Aktivitas Posyandu;Ketersediaan Fasilitas Posyandu di Desa;;;;;;;;Kemenkes, Kemen PUPR;Dinas PUPR;Dinas Kesehatan, DPMD, Dinas PUPR;Desa;
1;LAYANAN DASAR;SUB-DIMENSI KESEHATAN;Aktivitas Posyandu;Keberadaan Aktivitas Posyandu;;;;;;;;Kemenkes, Kemen PUPR;Dinas PUPR;Dinas Kesehatan, DPMD, Dinas PUPR;Pemdes;Swasta
1;LAYANAN DASAR;SUB-DIMENSI KESEHATAN;Aktivitas Posyandu;Kemudahan akses menuju Fasilitas Posyandu;;;;;;;;Kemenkes, Kemen PUPR;Dinas PUPR;Dinas Kesehatan, DPMD, Dinas PUPR;Pemdes;Swasta
1;LAYANAN DASAR;SUB-DIMENSI KESEHATAN;Layanan Dokter;Ketersediaan layanan dokter di desa;;;;;;;;Kemenkes, Kemen PUPR;Dinas PUPR;Dinas Kesehatan, DPMD, Dinas PUPR;Pemdes;Swasta
1;LAYANAN DASAR;SUB-DIMENSI KESEHATAN;Layanan Dokter;Operasional ketersediaan layanan dokter di desa;;;;;;;;Kemenkes, Kemen PUPR;Dinas PUPR;Dinas Kesehatan, DPMD, Dinas PUPR;Pemdes;Swasta
1;LAYANAN DASAR;SUB-DIMENSI KESEHATAN;Layanan Dokter;Penyedia layanan dokter di desa;;;;;;;;Kemenkes, Kemen PUPR;Dinas PUPR;Dinas Kesehatan, DPMD, Dinas PUPR;Pemdes;Swasta
1;LAYANAN DASAR;SUB-DIMENSI KESEHATAN;Layanan Dokter;Keberadaan Penyedia Transportasi penunjang menuju layanan Dokter;;;;;;;;Kemenkes, Kemen PUPR;Dinas PUPR;Dinas Kesehatan, DPMD, Dinas PUPR;Pemdes;Swasta
1;LAYANAN DASAR;SUB-DIMENSI KESEHATAN;Layanan Bidan;Ketersediaan layanan Bidan di Desa;;;;;;;;Kemenkes, Kemen PUPR;Dinas PUPR;Dinas Kesehatan, DPMD, Dinas PUPR;Pemdes;Swasta
1;LAYANAN DASAR;SUB-DIMENSI KESEHATAN;Layanan Bidan;Operasional ketersediaan layanan Bidan di desa;;;;;;;;Kemenkes, Kemen PUPR;Dinas PUPR;Dinas Kesehatan, DPMD, Dinas PUPR;Pemdes;Swasta
1;LAYANAN DASAR;SUB-DIMENSI KESEHATAN;Layanan Bidan;Penyedia layanan Bidan di desa;;;;;;;;Kemenkes, Kemen PUPR;Dinas PUPR;Dinas Kesehatan, DPMD, Dinas PUPR;Pemdes;Swasta
1;LAYANAN DASAR;SUB-DIMENSI KESEHATAN;Layanan Bidan;Keberadaan Penyedia Transportasi penunjang menuju layanan Bidan;;;;;;;;Kemenkes, Kemen PUPR;Dinas PUPR;Dinas Kesehatan, DPMD, Dinas PUPR;Pemdes;Swasta
1;LAYANAN DASAR;SUB-DIMENSI KESEHATAN;Layanan Tenaga Kesehatan Lainnya;Ketersediaan layanan Tenaga Kesehatan di Desa;;;;;;;;Kemenkes, Kemen PUPR;Dinas PUPR;Dinas Kesehatan, DPMD, Dinas PUPR;Pemdes;Swasta
1;LAYANAN DASAR;SUB-DIMENSI KESEHATAN;Layanan Tenaga Kesehatan Lainnya;Operasional ketersediaan layanan Tenaga Kesehatan di desa;;;;;;;;Kemenkes, Kemen PUPR;Dinas PUPR;Dinas Kesehatan, DPMD, Dinas PUPR;Pemdes;Swasta
1;LAYANAN DASAR;SUB-DIMENSI KESEHATAN;Layanan Tenaga Kesehatan Lainnya;Penyedia layanan Tenaga Kesehatan di desa;;;;;;;;Kemenkes, Kemen PUPR;Dinas PUPR;Dinas Kesehatan, DPMD, Dinas PUPR;Pemdes;Swasta
1;LAYANAN DASAR;SUB-DIMENSI KESEHATAN;Layanan Tenaga Kesehatan Lainnya;Keberadaan Penyedia Transportasi penunjang menuju layanan Nakes;;;;;;;;Kemenkes, Kemen PUPR;Dinas PUPR;Dinas Kesehatan, DPMD, Dinas PUPR;Pemdes;Swasta
1;LAYANAN DASAR;SUB-DIMENSI KESEHATAN;Jaminan Kesehatan Nasional;Persentase keanggotaan BPJS;;;;;;;;Kemenkes, Kemen PUPR;Dinas PUPR;Dinas Kesehatan, DPMD, Dinas PUPR;Pemdes;Swasta
1;LAYANAN DASAR;SUB-DIMENSI KESEHATAN;Jaminan Kesehatan Nasional;Keberadaan kegiatan sosialisasi dan/atau advokasi terkait program jaminan kesehatan nasional di desa;;;;;;;;Kemenkes, Kemen PUPR;Dinas PUPR;Dinas Kesehatan, DPMD, Dinas PUPR;Pemdes;Swasta
1;LAYANAN DASAR;Sub-Dimensi Utilitas Dasar;Rumah Tangga dengan Air Minum Aman;Operasional Ketersediaan Air Minum di Desa dalam seminggu;;;;;;;;PAMSIMAS, PU;Dinas PUPR;Dinas PUPR, Dinas Kesehatan, DPMD, PDAM;Pemdes;Swasta
1;LAYANAN DASAR;Sub-Dimensi Utilitas Dasar;Rumah Tangga dengan Air Minum Aman;Ketersediaan Air Minum untuk warga desa;;;;;;;;PAMSIMAS, PU;Dinas PUPR;Dinas PUPR, Dinas Kesehatan, DPMD, PDAM;Pemdes;Swasta
1;LAYANAN DASAR;Sub-Dimensi Utilitas Dasar;Rumah Tangga dengan Air Minum Aman;Kemudahan akses Air Minum untuk warga di desa;;;;;;;;PAMSIMAS, PU;Dinas PUPR;Dinas PUPR, Dinas Kesehatan, DPMD, PDAM;Pemdes;Swasta
1;LAYANAN DASAR;Sub-Dimensi Utilitas Dasar;Rumah Tangga dengan Air Minum Aman;Kualitas Air Minum di Desa (Tidak untuk Berbau, Berwarna, & Berasa);;;;;;;;PAMSIMAS, PU;Dinas PUPR;Dinas PUPR, Dinas Kesehatan, DPMD, PDAM;Pemdes;Swasta
1;LAYANAN DASAR;Sub-Dimensi Utilitas Dasar;Persentase Rumah Tidak Layak Huni;Persentase Rumah Tidak Layak Huni;;;;;;;;PAMSIMAS, PU;Dinas PUPR;Dinas PUPR, Dinas Kesehatan, DPMD, PDAM;Pemdes;Swasta
2;SOSIAL;SUB-DIMENSI AKTIVITAS;Kearifan Sosial/Budaya dan Keagamaan;Keberadaan kearifan budaya/sosial/keagamaan yang ada/menjadi ciri khas desa;;;;;;;;Kemendesa PDT, Kemendikbudristek, Kemenag, Kemenparekraf;Dinas PMD, Dians Pariwisata;Dinas PMD, Dinas Pariwisata;Pemdes, Lembaga Adat, Karang Taruna;Swasta
2;SOSIAL;SUB-DIMENSI AKTIVITAS;Kearifan Sosial/Budaya dan Keagamaan;Jumlah Kearifan budaya/sosial yang masih dipertahankan/dilestarikan;;;;;;;;Kemendesa PDT, Kemendikbudristek, Kemenag, Kemenparekraf;Dinas PMD, Dians Pariwisata, Dinas Pendidikan dan Kebudayaan;Dinas PMD, Dians Pariwisata, Dinas Pendidikan dan Kebudayaan;Pemdes, Lembaga Adat, Kelompok Seni, Karang Taruna;Swasta
2;SOSIAL;SUB-DIMENSI AKTIVITAS;Frekuensi Gotong Royong;Keberadaan kegiatan gotong royong di Desa;;;;;;;;Kemendagri, Kemendesa PDT, Kemensos;Dinas PMD, Dinas Sosial;Dinas PMD, Dinas Sosial;Lembaga Kemasyarakatan Desa (LPMD/RT/RW), Pemdes, Karang Taruna;Swasta
2;SOSIAL;SUB-DIMENSI AKTIVITAS;Frekuensi Gotong Royong;Frekuensi Kegiatan Gotong Royong di desa;;;;;;;;Kemendagri, Kemendesa PDT, Kemensos;Dinas PMD, Dinas Sosial;Dinas PMD, Dinas Sosial;Lembaga Kemasyarakatan Desa (LPMD/RT/RW), Pemdes, Karang Taruna, Kelompok Pemuda;Swasta
2;SOSIAL;SUB-DIMENSI AKTIVITAS;Frekuensi Gotong Royong;Keterlibatan warga dalam kegiatan gotong royong;;;;;;;;Kemendagri, Kemendesa PDT, Kemensos;Dinas PMD, Dinas Sosial;Dinas PMD, Dinas Sosial;Lembaga Kemasyarakatan Desa (LPMD/RT/RW), Pemdes, Karang Taruna, Kelompok Pemuda;Swasta
2;SOSIAL;SUB-DIMENSI AKTIVITAS;Kegiatan Olahraga;Frekuensi Aktivitas Kegiatan Olahraga dilakukan dalam satu bulan;;;;;;;;Kemenpora, Kemendesa,Koni, Lembaga Olah Raga nasional;Dispora, Dinkes;Dispora, Dinkes;Pemdes, karang Taruna, PKK;Klub Olahraga,Pusat Studi Olah Raga, kampus
2;SOSIAL;SUB-DIMENSI AKTIVITAS;Mitigasi dan Penanganan Konflik Sosial;Penyelesaian Konflik secara damai;;;;;;;;Kemendagri, kemenkum dan HAM, kemenkopolhukam, BIN, Kepolisian, TNI;Kesbangpol,Dinas Kominfo, Dinas Sosial;Kesbangpol,Dinas Kominfo, Dinas Kesejahteraan Sosial, Dinas PMD;Lembaga Kemasyarakatan Desa (LPMD/RT/RW), Pemdes, Karang Taruna, Kelompok Pemuda, Tokoh Masyarakat dan Adat;Fasilitator Mediasi Akademis, Kampus
2;SOSIAL;SUB-DIMENSI AKTIVITAS;Mitigasi dan Penanganan Konflik Sosial;Peranan aparat keamanan menjadi mediator / penengah dalam penyelesaian Konflik;;;;;;;;Kemenko Polhukam, Kemendagri, Kemenhan, Polri, TNI;Satpol PP,Dinsos, Forkopinda;Satpol PP,Dinsos, Forkopinda;pemdes, LKS, Lembaga Mediasi Swasta;Akademisi, Pakar Konsflik dan Perdamaian
2;SOSIAL;SUB-DIMENSI AKTIVITAS;Mitigasi dan Penanganan Konflik Sosial;Peranan aparat pemerintah menjadi mediator / penengah dalam penyelesaian Konflik;;;;;;;;Kemendagri, Kemendesa PDTT, Kemenko Polhukam, Kemenkumham, BNPB, Lemhannas, BPN;Kesbangpol, Dinas PMD;Kesbangpol, Dinas PMD, Dinsos;Pemdes, BPD;LSM, Akademisi, Pusat Studi konflik
2;SOSIAL;SUB-DIMENSI AKTIVITAS;Mitigasi dan Penanganan Konflik Sosial;Peranan tokoh masyarakat menjadi mediator / penengah dalam penyelesaian Konflik;;;;;;;;Kemendagri, Kemendesa PDTT,Kemenag, Kemenko PMK, BNPT, LIPI, MUI;Dinas PMD, Dinas Pariwisata, Kesbangpol;Dinas PMD, Dinsos, Dinas pendidikan;Pemdes, BPD;LSM, Akademisi, Pusat Kajian Konflik dan Perdamaian
2;SOSIAL;SUB-DIMENSI AKTIVITAS;Mitigasi dan Penanganan Konflik Sosial;Peranan tokoh agama menjadi mediator / penengah dalam penyelesaian Konflik;;;;;;;;Kemenag, Kemenko PMK, Kemendagri, MUI, Konferensi Waligereja Indonesia, BNPT;Kesbangpol, Dinsos, Dinas PMD,;Kesbangpol, Dinsos, Dinas PMD, Dias Dikbud;Pemdes, BPD, ;LSM Keagamaan, Swasta, Akademisi, Pusat Studi Agama dan Perdamaian
2;SOSIAL;SUB-DIMENSI AKTIVITAS;Satkamling;Keberadaan Satuan Keamanan Lingkungan (Satkamling) di Desa;;;;;;;;Kemendagri, Kemenko Polhukam, Kemendesa PDTT, Polri, BNPT,BIN;Kesbangpol, Dinas PMD,Forkopinda;Kesbangpol, Dinas PMD,Forkopinda;Pemdes, BPD, RT/RW;Akademisi, Pusat Studi Keamanan
2;SOSIAL;SUB-DIMENSI AKTIVITAS;Satkamling;Aktivitas Satuan Keamanan Lingkungan (Satkamling) di Desa;;;;;;;;Kemendagri, Kemendesa PDTT, Kemenko Polhukam, Polri, TNI, BNPT, BIN;Kesbangpol, Dinas PMD;Kesbangpol, Dinas PMD;Pemdes, BPD, RT/RW, Tokoh Masyarakat;Akademisi, Pusat Studi Keamanan
2;SOSIAL;SUB-DIMENSI FASILITAS MASYARAKAT;Taman Bacaan Masyarakat/ Perpustakaan Desa;Keberadaan Taman Bacaan Masyarakat/ Perpustakaan Desa;;;;;;;;Kemendibudristek, Kemendagri, Kemendesa PDTT, Perpustakaan nasional, Bakti-Kominfo, Badan pengembangan dan Pembinaan Bahasa;Dinas perpustakaan dan Kearsipan, Dinas Dikbud, Diskominfo;Dinas perpustakaan dan Kearsipan, Dinas Dikbud, Diskominfo, Dinas PMD;Pemdes, Karang Taruna, RT, RW, Kader Literasi Desa;Swasta, LSM, Akademisi, Pusat Studi Literasi, Mahasiswa
2;SOSIAL;SUB-DIMENSI FASILITAS MASYARAKAT;Taman Bacaan Masyarakat/ Perpustakaan Desa;Operasional Taman Bacaan Masyarakat/ Perpustakaan Desa;;;;;;;;Kemendikbudristek, Kemendagri, Kemendesa PDTT, Perpusnas, Bakti-Kominfo, Badan pengembangan dan pembinaan bahasa;Dinas perpustakaan dan Kearsipan, Dinas Dikbud, Diskominfo;Dinas perpustakaan dan Kearsipan, Dinas Dikbud, Diskominfo, Dinas PMD;Pemdes, Karang Taruna, RT, RW, Kader Literasi Desa;Swasta, LSM, Akademisi, Pusat Studi Literasi, Mahasiswa
2;SOSIAL;SUB-DIMENSI FASILITAS MASYARAKAT;Fasilitas Olahraga;Ketersediaan Fasilitas dan kondisi/keadaan sebagian besar Fasilitas olahraga di Desa;;;;;;;;Kemenpora, Kemendesa PDTT, KONI, Lembaga Pengelola Dana Hibah, ;Dispora, Dinas PU, Dinas Kesehatan;Dispora, Dinas PUPR, Dinas Kesehatan, Dinas Pariwisata;Pemdes, Karang Taruna, kelompok Pemuda, BPD;Swasta, Akademisi, Pusat Penelitian dan Pengembangan Olahraga
2;SOSIAL;SUB-DIMENSI FASILITAS MASYARAKAT;Keberadaan Ruang Publik Terbuka;Keberadaan ruang publik terbuka/keadaan sebagian besar Fasilitas Ruang Publik Terbuka di Desa;;;;;;;;KemenPUPR, Kemendesa PDTT, KLHK, Bappenas, Badan Pengelola Dana Lingkungan Hidup, LSM;Dinas PUPR, DLH,;Dinas PUPR, DLH,;Pemdes, BPD, ;Swasta, Akademisi, Badan Penelitian tata Kota dan Lingkungan
3;EKONOMI;SUB-DIMENSI PRODUKSI DESA;Keragaman Aktivitas Ekonomi;Keragaman Aktivitas Ekonomi di Desa;;;;;;;;Kemendesa PDTT, Kemenkop UKM, Kemendag, Kementan, Kemenparekraf, LPDB, BUMN, Lembaga Penelitian dan Pengembangan;Dinas Kop dan UMKM, Dinas Perindag;Dinas Koperasi dan UMKM, Dinas Perindag, Dinas Parekraf;Pemdes, BPD, Kelompok Tani, Nelayan dan Pengrajin Desa;Swasta, Koperasi, Bumdes, Akademisi, Pusat Penelitian Ekonomi dan Desa
3;EKONOMI;SUB-DIMENSI PRODUKSI DESA;Keragaman Aktivitas Ekonomi;Keaktifan Aktivitas Ekonomi di Desa;;;;;;;;Kemendesa PDTT, Kemenkop & UMKM, Kementan, Kemendag, BUMN, Lembaga Penelitian Ekonomi dan Kebijakan Publik, Lembaga Keuangan dan Bank BUMN;Dinas Kop dan UMKM, Dinas Perindag, Dinas Pariwisata;Dinas Koperasi dan UMKM, Dinas Pertanian, Dinas Pariwisata dan kebudayaan, Dinas Tenaga Kerja;Pemdes, BPD, Kelompok Tani, Pengrajin Desa, ;Swasta, Akademisi, Pusat Penelitian Ekonomi dan Sosial
3;EKONOMI;SUB-DIMENSI PRODUKSI DESA;Produk Unggulan Desa;Keberadaan Produk Unggulan Desa;;;;;;;;Kemendesa PDTT, Kementan, Kemenperin, Kemenkop UKM, Kemenparekraf, Kemendag, BPS, BUMN, LIPI, Brin;Dinas pMD, Disperindag, Dinas Pertanian dan Ketahanan Pangan, Dinas pariwisata dan Kebudayaan;Dinas pMD, Disperindag, Dinas Pertanian dan Ketahanan Pangan, Dinas pariwisata dan Kebudayaan;Pemdes, Bumdes, ;Akademisi, Pusat Penelitian dan Inovasi Universitas
3;EKONOMI;SUB-DIMENSI PRODUKSI DESA;Produk Unggulan Desa;Cakupan Penjualan Hasil Produk Unggulan Desa;;;;;;;;Kemendesa PDTT, Kementan, Kemenperin, Kemendag, BPS, BKPM;Dinas Koperasi dan UMKM, Dinas Perdagangan, Dinas Pertanian;Dinas pMD, Disperindag;Pemdes, Bumdes, Kelompok Tani, Kelompok Usaha;Swasta, Akademisi
3;EKONOMI;SUB-DIMENSI PRODUKSI DESA;Produk Unggulan Desa;Ketersediaan merek dagang;;;;;;;;Kemenkumham, Kemendesa PDTT, Kemendag, Kemenperin, BSN, Lembaga Pengkajian dan Pengembangan;Disperindag, Dinas Koperasi dan UKM;Disperindag, Dinas PMD;Pemdes, Bumdes, ;Swasta, Akademisi
3;EKONOMI;SUB-DIMENSI PRODUKSI DESA;Ekonomi Kreatif;Keberadaan Kearifan lokal atau kebudayaan lokal yang di jadikan sebagai kegiatan ekonomi dalam menunjang penghidupan masyarakat di desa;;;;;;;;Kemenparekraf, Kemendikbudristek, Kemendesa PDTT, Kemendag, Bekraf, Lembaga Kebudayaan Lokal;Dinas Pariwisata dan Kebudayaan, Dinas Koperasi daan UKM, Dinas Pendidikan;Dinas Pariwisata dan Kebudayaan, Dinas PMD, Dinas Perindustrian dan Perdagangan;Pemdes, Bumdes, Kelompok Masyarakat Adat dan Budaya;Swasta, Akademisi
3;EKONOMI;SUB-DIMENSI PRODUKSI DESA;Kerjasama Desa;Kerjasama desa dengan desa lainnya;;;;;;;;Kemendesa PDTT,Kemendagri, Kemenko PMK,BKPM, LPM;Dinas PMD, Dinas Perdagangan, Dinas Koperasi dan UKM;Dinas PMD, Disperindag, Dinas Pariwisata dan Kebudayaan;Pemdes, Bumdes, Kelompok Masyarakat;Swasta, Akademisi
3;EKONOMI;SUB-DIMENSI PRODUKSI DESA;Kerjasama Desa;Kerjasama desa dengan pihak ketiga;;;;;;;;Kemendesa PDTT,Kemendagri, Kemenko PMK,BKPM, LPM;Dinas PMD, Dinas Perdagangan, Dinas Koperasi dan UKM;Dinas PMD, Disperindag, Dinas Pariwisata dan Kebudayaan;Pemdes, Bumdes, Kelompok Masyarakat;Swasta, Akademisi
3;EKONOMI;SUB-DIMENSI FASILTAS PENDUKUNG EKONOMI;Akses Terhadap Pendidikan Non-formal/Pusat Keterampilan/Kursus;Ketersediaan Pendidikan Non-formal/Pusat Keterampilan/Kursus;;;;;;;;Kemendikbudristek, Kemenaker, Kemendesa PDTT,Kemensos, BNSP, Perpustakaan Nasional, LPKS;Dinas Pendidikan, Dinas Ketenagakerjaan, Disperindag;Dinas Pendidikan, Dinas Ketenagakerjaan, Dinas Koperasi dan UKM;Pemdes, Bumdes, Kelompok Masyarakat;Swasta, Akademisi
3;EKONOMI;SUB-DIMENSI FASILTAS PENDUKUNG EKONOMI;Akses Terhadap Pendidikan Non-formal/Pusat Keterampilan/Kursus;Keterlibatan Angkatan Kerja pada Pendidikan Non-formal/Pusat Keterampilan/Kursus;;;;;;;;Kemenaker, Kemendikbudristek, Kemendesa PDTT, Kemenperin, BNSP, Bappenas, BUMN;Dinas Ketenagakerjaan, Dinas Pendidikan, Disperindag;Dinas Ketenagakerjaan, Dinas Pendidikan, Dinas Koperasi dan UKM;Pemdes, Bumdes, Kelompok Pemuda Desa;Swasta, Akademisi
3;EKONOMI;SUB-DIMENSI FASILTAS PENDUKUNG EKONOMI;Pasar Rakyat;Ketersediaan Pasar di Desa;;;;;;;;Kemendesa PDTT, Kemendag, Kementerian Koperasi dan UKM, Kementan, LPDB-KUMKM, BKPM, Perpustakaan Nasional dan Lembaga Arsip Daerah;Disperindag, Dinas Koperasi dan UKM, Dinas Pertanian;Dinas Perdagangan, Dinas Koperasi dana UKM, Dinas Pertanian dan Perikanan;Pemdes, Bumdes, Kelompok Tani dan Pengrajin;Swasta, Akademisi
3;EKONOMI;SUB-DIMENSI FASILTAS PENDUKUNG EKONOMI;Pasar Rakyat;Kemudahan akses menuju pasar di Desa;;;;;;;;Kementerian PUPR, Kemenhub, Kemendesa PDTT, Kementan, BPIW, BNPB, LKPP;Dinas PUPR, Dinas Perhubungan, Dinas Pembangunan;Dinas PUPR, Dinas Perhubungan, Dinas PMD;Pemdes, Bumdes, Kelompok Masyarakat;Swasta, Akademisi
3;EKONOMI;SUB-DIMENSI FASILTAS PENDUKUNG EKONOMI;Toko/Pertokoan;Ketersediaan Toko/Pertokoan  di Desa;;;;;;;;Kemendesa PDTT, Kementerian Koperasi dan UKM, Kementerian PUPR, Kemendag, LPDB-KUMKM, BPIW, BKPM;Dinas Koperasi dan UKM, Disperindag, Dinas PU dan Penataan Ruang;Disperindag, Dinas Koperasi dan UKM, Dinas PU;Pemdes, Bumdes, Kelompok Masyarakat;Swasta, Akademisi
3;EKONOMI;SUB-DIMENSI FASILTAS PENDUKUNG EKONOMI;Toko/Pertokoan;Kemudahan akses menuju toko/pertokoan di Desa;;;;;;;;Kemendesa PDTT, Kementerian PUPR, Kemenhub, Kemendag, BPIW, BNPB, LPDB-KUMKM;Dinas PUPR, Dishub, Disperindag;Dinas PU, Dishub, Disperindag;Pemdes, Bumdes, Kelompok Masyarakat;Swasta, Akademisi
3;EKONOMI;SUB-DIMENSI FASILTAS PENDUKUNG EKONOMI;Kedai/Rumah Makan;Ketersediaan Kedai/Rumah Makan di Desa;;;;;;;;Kemendesa PDTT, Kemenparekraf, Kementerian Koperasi dan UKM, Kemendag, LPDB-KUMKM, Bekraf, BKPM;Dinas Koperasi dan UKM, Disperindag, Dinas Pariwisata;Dinas Koperasi dan UKM, Disperindag, Dinas Pariwisata;Pemdes, Bumdes, Kelompok Masyarakat;Swasta, Akademisi
3;EKONOMI;SUB-DIMENSI FASILTAS PENDUKUNG EKONOMI;Kedai/Rumah Makan;Kemudahan akses menuju Kedai/Rumah Makan di Desa;;;;;;;;Kemendesa PDTT, Kementerian PUPR, kemenhub, Kemenparekraf, BPIW, Bekraf, LPDB-KUMKM;Dias PUPR, Dishub, Dinas Pariwisata;Dinas PU, Dishub, Dinas Pariwisata;Pemdes, Bumdes, Kelompok Masyarakat;Swasta, Akademisi
3;EKONOMI;SUB-DIMENSI FASILTAS PENDUKUNG EKONOMI;Penginapan;Ketersediaan Penginapan di Desa;;;;;;;;Kemendesa PDTT, Kemenparekraf, Kementerian Koperasi dan UKM, Kemendag, Bekraf, BPIW, LPDB-KUMKM;Dinas Pariwisata, Dinas PUPR, Dinas Perdagangan dan Koperasi;Dinas Pariwisata, Dinas PU, Dinas Perdagangan dan Koperasi;Pemdes, Bumdes, Kelompok Masyarakat;Swasta, Akademisi
3;EKONOMI;SUB-DIMENSI FASILTAS PENDUKUNG EKONOMI;Penginapan;Kemudahan akses menuju Penginapan di Desa;;;;;;;;Kemendesa PDTT, Kementerian PUPR, Kemenhub, Kemenparekraf, BPIW-Bekraf, LPDB-KUMKM;Dinas PUPR, Dishub, Dinas Pariwisata;Dinas PU, Dishub, Dinas Pariwisata;Pemdes, Bumdes, Kelompok Masyarakat;Swasta, Akademisi
3;EKONOMI;SUB-DIMENSI FASILTAS PENDUKUNG EKONOMI;Layanan Pos dan Logistik;Ketersediaan Layanan Pos dan Logistik di Desa;;;;;;;;Kemendesa PDTT, Kementerian Kominfo, Kemenhub, BUMN, PT Pos Indonesia, Bulog, BPOM;Dishub, Diskominfo, Dinas Koperasi dan UKM;Dishub, Diskominfo, Dinas Koeprasi dan UKM;Pemdes, Bumdes, Kelompok Masyarakat;Swasta, Akademisi
3;EKONOMI;SUB-DIMENSI FASILTAS PENDUKUNG EKONOMI;Layanan Pos dan Logistik;Kemudahan akses menuju Layanan Pos dan Logistik di Desa;;;;;;;;Kemendesa PDTT, Kementerian Kominfo, Kemenhub, BUMN, PT Pos Indonesia, Bulog, BPOM;Dishub, Diskominfo, Dinas Perdagangan;Dishub, Dinas Komunikasi dan Informatika, Dinas Koperasi dan UKM;Pemdes, Bumdes, Kelompok Masyarakat;Swasta, Akademisi
3;EKONOMI;SUB-DIMENSI FASILTAS PENDUKUNG EKONOMI;Lembaga Ekonomi;Keberadaan BUM Desa/BUM Desa Bersama di Desa;;;;;;;;Kemendesa PDTT, Kementerian Koperasi dan UKM, Kemenkeu, Kementerian BUMN, BUMN, Lembaga Pengembangan Ekonomi,Bappenas;Dinas PMD, Dinas Koperasi dan UKM, Dinas Perdagangan;Dinas PMD,Dinas Koperasi dan UKM, Dinas Perdagangan;Pemdes, Bumdes;Swasta, Akademisi
3;EKONOMI;SUB-DIMENSI FASILTAS PENDUKUNG EKONOMI;Lembaga Ekonomi;BUM Desa/BUM Desa Bersama sudah berbadan hukum;;;;;;;;Kemendesa PDTT, Kemenkumham, Kementerian Koperasi dan UKM, BKPM, LPED;Dinas PMD, Dinas Koperasi dan UKM, Dinas Perdagangan;Dinas PMD,Dinas Koperasi dan UKM, Dinas Perdagangan;Pemdes, Bumdes;Swasta, Akademisi
3;EKONOMI;SUB-DIMENSI FASILTAS PENDUKUNG EKONOMI;Lembaga Ekonomi;Operasional BUM Desa/BUM Desa Bersama;;;;;;;;Kemendesa PDTT, Kementeian Koperasi dan UKM, Kemenkeu, BKPM, LPED;Dinas PMD, Dinas Koperasi dan UKM, Dinas Perdagangan;Dinas PMD,Dinas Koperasi dan UKM, Dinas Perdagangan;Pemdes, Bumdes;Swasta, Akademisi
3;EKONOMI;SUB-DIMENSI FASILTAS PENDUKUNG EKONOMI;Lembaga Ekonomi;Ketersediaan Lembaga Ekonomi lainnya di Desa (selain BUM Desa/BUM Desa bersama);;;;;;;;Kemendesa PDTT, Kementerian Koperasi dan UKM, Kemenkeu, Kemensos, BKPM, LPED, OJK;Dinas PMD, Dinas Koperasi dan UKM, Dinas Perdagangan;Dinas PMD,Dinas Koperasi dan UKM, Dinas Perdagangan;Pemdes;Swasta, Akademisi
3;EKONOMI;SUB-DIMENSI FASILTAS PENDUKUNG EKONOMI;Lembaga Ekonomi;Ketersediaan Lembaga Ekonomi KUD;;;;;;;;Kemendesa PDTT, Kementerian Koperasi dan UKM, Kemenkeu, Kemensos, BKPM, LPED, OJK;Dinas PMD, Dinas Koperasi dan UKM, Dinas Perdagangan;Dinas PMD,Dinas Koperasi dan UKM, Dinas Perdagangan;Pemdes, Lembaga Ekonomi;Swasta, Akademisi
3;EKONOMI;SUB-DIMENSI FASILTAS PENDUKUNG EKONOMI;Lembaga Ekonomi;Ketersediaan Lembaga Ekonomi UMKM;;;;;;;;Kemenkop UKM, Kemendesa PDTT, Kemendag, kemenkeu, Bekraf, BKPM, OJK, Lembaga Pembiayaan;Dinas Koperasi dan UKM, Dinas Perdagangan, Dinas Perindustrian;Dinas Koperasi dan UKM, Dinas Perdagangan, Dinas Perindustrian;Pemdes, Lembaga Ekonomi;Swasta, Akademisi
3;EKONOMI;SUB-DIMENSI FASILTAS PENDUKUNG EKONOMI;Layanan Keuangan;Ketersediaan layanan perbankan di desa;;;;;;;;Kemenkeu, BI, OJK, Kemendesa PDTT, BKPM, LKM;Dinas Koperasi dan UKM, Dinas Perdagangan;Dinas Koperasi dan UKM, Dinsos;Pemdes, Lembaga Ekonomi;Swasta, Akademisi
3;EKONOMI;SUB-DIMENSI FASILTAS PENDUKUNG EKONOMI;Layanan Keuangan;Operasional layanan perbankan;;;;;;;;Kemenkeu, BI, OJK, Kemendesa PDTT, BKPM, LKM;Dinas Koperasi dan UKM, Dinas Perdagangan;Dinas Koperasi dan UKM, Dinsos;Pemdes, Lembaga Ekonomi;Swasta, Akademisi
3;EKONOMI;SUB-DIMENSI FASILTAS PENDUKUNG EKONOMI;Layanan Keuangan;Keberadaan Layanan Fasilitas Kredit Berupa KUR;;;;;;;;Kemenkeu, Kemenkop UKM, Kemendesa PDTT, OJK, Bank Pemerintah, Lembaga Keuangan Mikro, Aosiasi Perbankan Indonesia;Dinas Koperasi dan UKM, Disperindag;Dinas Koperasi dan UKM, Dinas PMD;Pemdes, Lembaga Ekonomi, lembaga Pengelola Keuangan Desa;Swasta, Akademisi
3;EKONOMI;SUB-DIMENSI FASILTAS PENDUKUNG EKONOMI;Layanan Keuangan;Keberadaan Layanan Fasilitas Kredit Berupa KKP-E ;;;;;;;;Kemenkop UKM, Kemenkeu, OJK, Kemendesa PDTT, Bank Pemerintah, Lembaga Keuangan Mikro;Dinas Koperasi dan UKM, Disperindag;Dinas Koperasi dan UKM, Dinas PMD;Pemdes, Lembaga Ekonomi, lembaga Pengelola Keuangan Desa;Swasta, Akademisi
3;EKONOMI;SUB-DIMENSI FASILTAS PENDUKUNG EKONOMI;Layanan Keuangan;Keberadaan Layanan Fasilitas Kredit Berupa KUK ;;;;;;;;Kemenkop UKM, Kemenkeu, OJK, Kemendesa PDTT, Bank Pemeintah, Lembaga Keuangan Mikro;Dinas Koperasi dan UKM, Disperindag;Dinas Koperasi dan UKM, Dinas PMD;Pemdes, Lembaga Ekonomi Desa;Swasta, Akademisi
3;EKONOMI;SUB-DIMENSI FASILTAS PENDUKUNG EKONOMI;Layanan Keuangan;Status Layanan Fasilitas Kredit di Desa;;;;;;;;Kemenkeu, Kemenkop UKM, OJK, Bank Pemerintah, Lembaga Keuangan Mikro,lembaga Pembiayaan;Dinas Koperasi dan UKM, Disperindag;Dinas Koperasi dan UKM, Dinas PMD;Pemdes, Lembaga Ekonomi Desa;Swasta, Akademisi
4;LINGKUNGAN;SUB-DIMENSI PENGELOLAAN LINGKUNGAN;Kearifan Lingkungan;Terdapat upaya menjaga/mempertahankan/melestarikan kearifan lingkungan berupa atraksi alam/sumberdaya alam/keindahan alam yang ada di desa;;;;;;;;"KLHK, Kemenparekraf, Kemendesa PDTT, Bappenas";"Dinas Lingkungan Hidup Provinsi, Dinas Pariwisata Provinsi, Bappeda Provinsi";"Dinas Lingkungan Hidup Kab/Kota, Dinas Pariwisata Kab/Kota";"Pemerintah Desa, Pokdarwis";"LSM, Swasta, BUMDes, Akademisi"
4;LINGKUNGAN;SUB-DIMENSI PENGELOLAAN LINGKUNGAN;Kearifan Lingkungan;Terdapat peraturan/regulasi yang mengatur terkait pelestarian lingkungan di Desa;;;;;;;;"KLHK, Kemendagri, Kemendesa PDTT Bappenas, BSN";"Dinas Lingkungan Hidup Provinsi, Dinas Pemerdayaan Masyarakat Desa Provinsi";"Dinas Lingkungan Hidup Kab/Kota, Dinas Pemberdayaan Masyarakat Kab/Kota";"Pemerintah Desa, BPD, Lembaga Masyarakat Adat";"LSM, Swasta, Akademisi" 
4;LINGKUNGAN;SUB-DIMENSI PENGELOLAAN LINGKUNGAN;Kearifan Lingkungan;Terdapat kegiatan pelestarian lingkungan berbasis kearifan lokal di bidang lingkungan di Desa;;;;;;;;"KLHK, Kemenparekraf, Kemendesa PDTT, Bappenas";"Dinas Lingkungan Hidup Provinsi, Dinas Pariwisata Provinsi, Dinas Kebuudayaan Provinsi";"Dinas Lingkungan Hidup Kab/Kota, Dinas Pemberdayaan Masyarakat dan Desa (DPMD) Kab/Kota";"Pemerintah Desa, Lembaga Masyarakat Adat";"BUMDes, LSM, Swasta, Akademisi"
4;LINGKUNGAN;SUB-DIMENSI PENGELOLAAN LINGKUNGAN;Kearifan Lingkungan;Terdapat pemanfaatan Energi Baru Terbarukan di desa;;;;;;;;"Kementerian ESDM, Kemendesa PDTT, KLHK, Bappenas, BPPT";"Dinas ESDM Provinsi, Dinas Lingkungan Hidup Provinsi";"Dinas ESDM Kab/Kota, Dinas Pemberdayaan Masyarakat dan Desa Kab/Kota";"Pemerintah Desa, Kelompok Masyarakat";"BUMDesa, Swasta, Akademisi"
4;LINGKUNGAN;SUB-DIMENSI PENGELOLAAN LINGKUNGAN;Sistem Pengelolaan Sampah;Ketersediaan Tempat Penampuangan Pembuangan Sampah di Desa;;;;;;;;"KLHK, Kemendesa PDTT, Bappenas";"Dinas Lingkungan Hidup Provinsi, Bappeda Provinsi, Dinas Pemberdayaan Masyarakat dan Desa (DPMD) Provinsi";"Dinas Lingkungan Hidup Kabupaten/Kota, Dinas Pemberdayaan Masyarakat dan Desa (DPMD) Kabupaten/Kota";"Pemerintah Desa, ";"BUMDesa, LSM, Swasta, Akademisi" 
4;LINGKUNGAN;SUB-DIMENSI PENGELOLAAN LINGKUNGAN;Sistem Pengelolaan Sampah;Ketersediaan Pengolahan Sampah di desa;;;;;;;;"KLHK, Kemendagri, Kemendesa PDTT, Bappenas, BPPT";"Dinas Lingkungan Hidup Provinsi, Dinas Pemberdayaan Masyarakat dan Desa (DPMD) Provinsi";"Dinas Lingkungan Hidup Kabupaten/Kota, Dinas Pemberdayaan Masyarakat dan Desa (DPMD) Kabupaten/Kota";"Pemerintah Desa, Lembaga Masyarakat Desa, BPD";"BUMDesa, Swasta, Akademisi"
4;LINGKUNGAN;SUB-DIMENSI PENGELOLAAN LINGKUNGAN;Sistem Pengelolaan Sampah;Ketersediaan Pemanfaatan Sampah di desa;;;;;;;;"KLHK, Kemendagri, Kemendesa PDTT, Bappenas, BPPT";"Dinas Lingkungan Hidup Provinsi, Dinas Pemberdayaan Masyarakat dan Desa (DPMD) Provinsi";"Dinas Lingkungan Hidup Kabupaten/Kota, Dinas Pemberdayaan Masyarakat dan Desa (DPMD) Kabupaten/Kota";Pemerintah Desa;"Swasta, LSM, BUMDesa Akademisi"
4;LINGKUNGAN;SUB-DIMENSI PENGELOLAAN LINGKUNGAN;Tingkat Pencemaran Lingkungan;Rata-rata kejadian pencemaran lingkungan;;;;;;;;"KLHK, Kemendesa PDTT, Kementerian Perindustrian, Kementerian ESDM, Bappenas, BPPT";"Dinas Lingkungan Hidup Provinsi, Dinas Perindustrian dan Perdagangan Provinsi";"Dinas Lingkungan Hidup Kab/Kota, Dinas Kesehatan Kab/Kota, Dinas Perindustrian dan Perdagangan Kab/Kota";Pemerintah Desa;"LSM, BUMDesa. Swasta, Akademisi"
4;LINGKUNGAN;SUB-DIMENSI PENGELOLAAN LINGKUNGAN;Rumah Tangga Dengan Akses Sanitasi (Air Limbah Domestik) Aman;Ketersediaan dan kepemilikan Jamban di Desa;;;;;;;;"KLHK, Kementerian Perindustrian, Kementerian ESDM, Kemendesa PDTT, Bappenas, BPPT";"Dinas Kesehatan Provinsi, Dinas Pemberdayaan Masyarakat dan Desa (DPMD) Provinsi";"Dinas Kesehatan Kabupaten/Kota, Dinas Pemberdayaan Masyarakat dan Desa (DPMD) Kabupaten/Kota";"Pemerintah Desa, BPD, Lembaga Masyarakat Desa";"Swasta, BUMDesa, Akademisi"
4;LINGKUNGAN;SUB-DIMENSI PENGELOLAAN LINGKUNGAN;Rumah Tangga Dengan Akses Sanitasi (Air Limbah Domestik) Aman;Keberfungsian jamban;;;;;;;;"KLHK, Kemendesa Perindustrian, Kementerian ESDM, Kemendesa PDTT, Bappenas, BPPT";"Dinas Lingkungan Hidup Provinsi, Dinas Perindustrian dan Perdagangan Provinsi";"Dinas Lingkungan Hidup Kabupaten/Kota, Dinas Kesehatan Kabupaten/Kota, Dinas Perindustrian dan Perdagangan Kabupaten/Kota";"Pemerintah Desa, BPD, Lembaga Masyarakat Desa";"BUMDesa, LSM, Swasta, Akademisi"
4;LINGKUNGAN;SUB-DIMENSI PENGELOLAAN LINGKUNGAN;Rumah Tangga Dengan Akses Sanitasi (Air Limbah Domestik) Aman;Ketersediaan Tangki Septik (Komunal/ Bersama);;;;;;;;"Kementerian PUPR, Kementerian Kesehatan, Kemendesa PDTT, Bappenas, BPPT";"Dinas Perkim Provinsi, Dinas  Kesehatan Provinsi";"Dinas Kesehatan Kabupaten/Kota, Dinas PUPR Kabupaten/Kota, Dinas Lingkungan Hidup Kabupaten/Kota";"Pemerintah Desa, BPD, Lembaga Masyarakat Desa";"BUMDesa, LSM, Swasta, Akademisi"
4;LINGKUNGAN;SUB-DIMENSI PENGELOLAAN LINGKUNGAN;Rumah Tangga Dengan Akses Sanitasi (Air Limbah Domestik) Aman;Keberfungsian Tangki Septik;;;;;;;;"Kementerian PUPR, Kementerian Kesehatan, Kemendesa PDTT, Bappenas, BPPT";"Dinas Perkim Provinsi, Dinas  Kesehatan Provinsi";"Dinas Kesehatan Kabupaten/Kota, Dinas PUPR Kabupaten/Kota, Dinas Lingkungan Hidup Kabupaten/Kota";"Pemerintah Desa, BPD, Lembaga Masyarakat Desa";"BUMDesa, LSM, Swasta, Akademisi"
4;LINGKUNGAN;SUB-DIMENSI PENGELOLAAN LINGKUNGAN;Rumah Tangga Dengan Akses Sanitasi (Air Limbah Domestik) Aman;Pembuangan Air Limbah Cair Rumah;;;;;;;;"Kementerian PUPR, Kementerian Kesehatan, Kemendesa PDTT, Bappenas, BPPT";"Dinas Perkim Provinsi, Dinas  Kesehatan Provinsi";"Dinas Kesehatan Kabupaten/Kota, Dinas PUPR Kabupaten/Kota, Dinas Lingkungan Hidup Kabupaten/Kota";"Pemerintah Desa, BPD, Lembaga Masyarakat Desa";"BUMDesa, LSM, Swasta, Akademisi"
4;LINGKUNGAN;SUB-DIMENSI PENANGGULANGAN BENCANA;Penanggulangan Bencana;Ketersediaan Aspek informasi Kebencanaan;;;;;;;;"Kemendagri, Kemensos, Kemenkominfo, KLHK, BNPB, BMKG, BIG, LIPI";"BPBD, Dinas Komunikasi dan Informatika, Dinas Lingkungan Hidup Provinsi";"BPBD Kabupaten/Kota, Dinas kominfo Kabupaten/Kota, Dinas Pendidikan Kabupaten/Kota";"Pemerintah Desa, Lembaga Masyarakat Desa";"LSM, Swasta, Akademisi"
4;LINGKUNGAN;SUB-DIMENSI PENANGGULANGAN BENCANA;Penanggulangan Bencana;Ketersediaan Fasilitas Mitigasi Bencana ;;;;;;;;"Kemendagri, Kementerian PUPR, Kemensos, Kemenkominfo, KLHK, BNPB, BMKG, BIG, LIPI";"BPBD, Dinas PUPR Provinsi, Dinas Lingkungan Hidup Provinsi";"BPBD Kabupaten/Kota, Dinas Pertanian Kabupaten/Kota, Dinas Pendidikan Kabupaten/Kota";"Pemerintah Desa, Lembaga Masyarakat Desa, Relawan Tanggap Bencana";"LSM, Swasta, Akademisi"
4;LINGKUNGAN;SUB-DIMENSI PENANGGULANGAN BENCANA;Penanggulangan Bencana;Kemudahan Akses Menuju Fasilitas Mitigasi Bencana;;;;;;;;"Kemendagri, Kementerian PUPR, Kemensos, Kemenhub, BNPB, BMKG, BIG, LIPI";"BPBD, Dinas PUPR Provinsi, Dinas Perhubungan Provinsi";"BPBD Kabupaten/Kota, Dinas Perhubungan Kabupaten/Kota, Dinas PUPR Kabupaten/Kota";"Pemerintah Desa, Lembaga Masyarakat Desa, Relawan Tanggap Bencana";"LSM, Swasta, Akademisi"
4;LINGKUNGAN;SUB-DIMENSI PENANGGULANGAN BENCANA;Penanggulangan Bencana;Terdapat aktivitas Mitigasi dan atau Rehabilitasi Bencana di Desa;;;;;;;;"Kemendagri, Kementerian PUPR, KLHK, Kemensos, BNPB, BMKG, BIG, LIPI";"BPBD, Dinas PUPR Provinsi, Dinas Lingkungan Hidup Provinsi";"BPBD Kabupaten/Kota, Dinas Kesehatan Kabupaten/Kota, Dinas Pendidikan Kabupaten/Kota";"Pemerintah Desa, Lembaga Masyarakat Desa, Relawan Tanggap Bencana";"LSM, Swasta, Akademisi"
4;LINGKUNGAN;SUB-DIMENSI PENANGGULANGAN BENCANA;Penanggulangan Bencana;Ketersediaan Fasilitas Aspek Tanggap Darurat Bencana;;;;;;;;"Kemendagri, Kementerian PUPR, Kemenkominfo, Kemensos, BNPB, BMKG, BIG, LIPI";"BPBD, Dinas PUPR Provinsi, Dinas Kesehatan Provinsi";"BPBD Kabupaten/Kota, Dinas Sosial Kabupaten/Kota, Dinas Pendidikan Kabupaten/Kota";"Pemerintah Desa, Lembaga Masyarakat Desa, Relawan Tanggap Bencana";"LSM, Swasta, Akademisi"
5;AKSESIBILITAS;SUB-DIMENSI KONDISI AKSES JALAN;Kondisi Jalan di desa;Jenis Permukaan Jalan sebagian besar di desa;;;;;;;;"Kementerian PUPR, Kemendesa PDTT, Kemeterian Perhubungan, KLHK, LKPP, BIG, BUMN";"Dinas PUPR Provinsi, Dinas Perhubungan Provinsi";"Dinas PUPR Kabupaten/Kota, Dinas Perhubungan Kabupaten/Kota";"Pemerintah Desa, Lembaga Masyarakat Desa,";"BUMDesa, LSM, Swasta, Akademisi"
5;AKSESIBILITAS;SUB-DIMENSI KONDISI AKSES JALAN;Kondisi Jalan di desa;Kualitas sebagian besar jalan di Desa;;;;;;;;"Kementerian PUPR, Kemendesa PDTT, Kemeterian Perhubungan, KLHK, BPKP, BIG, BUMN";"Dinas PUPR Provinsi, Dinas Perhubungan Provinsi";"Dinas PUPR Kabupaten/Kota, Dinas Perhubungan Kabupaten/Kota";"Pemerintah Desa, Lembaga Masyarakat Desa,";"BUMDesa, LSM, Swasta, Akademisi"
5;AKSESIBILITAS;SUB-DIMENSI KONDISI AKSES JALAN;Kondisi Penerangan Jalan Utama Desa;Ketersediaan penerangan di jalan-jalan utama di desa;;;;;;;;"Kementerian ESDM, Kemendesa PDTT, Kementerian PUPR, Kemenhub, PLN, LKPP, BUMN";"Dinas ESDM Provinsi, Dinas Perhubungan Provinsi, Dinas PUPR Provinsi";"Dinas PUPR Kabupaten/Kota, Dinas Perhubungan Kabupaten/Kota";"Pemerintah Desa, Lembaga Masyarakat Desa,";"BUMDesa, Swasta, Akademisi"
5;AKSESIBILITAS;SUB-DIMENSI KONDISI AKSES JALAN;Kondisi Penerangan Jalan Utama Desa;Operasional desa dalam penyediaan penerangan di jalan-jalan utama di desa;;;;;;;;"Kementerian ESDM, Kemendesa PDTT, Kemenkeu, KLHK, PLN, BUMN";"Dinas ESDM Provinsi, Dinas Perhubungan Provinsi";"Dinas PUPR Kabupaten/Kota, Dinas Perhubungan Kabupaten/Kota";"Pemerintah Desa, Lembaga Masyarakat Desa,";"BUMDesa, Swasta, Akademisi"
5;AKSESIBILITAS;SUB-DIMENSI KEMUDAHAN AKSES;Keberadaan Angkutan Perdesaan/Angkutan Lokal/ Sejenis;Keberadaan Angkutan Perdesaan/Angkutan Lokal/ Sejenis di Desa;;;;;;;;"Kemenhub, Kemendesa PDTT, Kemenkeu, Perusahaan Otobus, BUMN Transportasi";"Dinas PUPR Provinsi, Dinas Perhubungan Provinsi";"Dinas PUPR Kabupaten/Kota, Dinas Perhubungan Kabupaten/Kota";"Pemerintah Desa, Lembaga Masyarakat Desa,";"BUMDesa, Swasta, Akademisi"
5;AKSESIBILITAS;SUB-DIMENSI KEMUDAHAN AKSES;Keberadaan Angkutan Perdesaan/Angkutan Lokal/ Sejenis;Operasional Angkutan Perdesaan/Angkutan Lokal/Sejenis  di Desa;;;;;;;;"Kemenhub, Kemendesa PDTT, Kementerian PUPR, Kemenkeu, PLN, BUMN Transportasi";"Dinas PUPR Provinsi, Dinas Perhubungan Provinsi";"Dinas PUPR Kabupaten/Kota, Dinas Perhubungan Kabupaten/Kota";"Pemerintah Desa, Lembaga Masyarakat Desa,";"BUMDesa, Swasta, Akademisi"
5;AKSESIBILITAS;SUB-DIMENSI KEMUDAHAN AKSES;Akses Listrik;Ketersediaan Pelayanan Listrik untuk rumah di desa;;;;;;;;"Kementerian ESDM, Kemendesa PDTT, Kemenkeu, PLN, BUMN Lembaga Energi";"Dinas PUPR Provinsi, Dinas ESDM Provinsi";"Dinas PUPR Kabupaten/Kota, Dinas ESDM Kabupaten/Kota";"Pemerintah Desa, Lembaga Masyarakat Desa,";"BUMDesa, Swasta, Akademisi"
5;AKSESIBILITAS;SUB-DIMENSI KEMUDAHAN AKSES;Akses Listrik;Tersedia Lama Durasi layanan Listrik di Desa;;;;;;;;"Kementerian ESDM, Kemendesa PDTT, Kemenkeu, Kementerian PUPR, PLN, BUMN Lembaga Energi Terbarukan";"Dinas PUPR Provinsi, Dinas ESDM Provinsi";"Dinas PUPR Kabupaten/Kota, Dinas ESDM Kabupaten/Kota";"Pemerintah Desa, Lembaga Masyarakat Desa,";"BUMDesa, Swasta, Akademisi"
5;AKSESIBILITAS;SUB-DIMENSI KEMUDAHAN AKSES;Layanan Telekomunikasi;Ketersediaan Akses Telepon di sebagian besar wilayah Desa;;;;;;;;"Kemenkominfo, Kemendesa PDTT, Kementerian PUPR, BAKTI, Lembaga Penyedia Telekomunikasi Nasional";Dinas Kominfo Provinsi;"Dinas Kominfo Kabupaten/Kota, Dinas PUPR Kabupaten/Kota";"Pemerintah Desa, Lembaga Masyarakat Desa,";"BUMDesa, Swasta, Akademisi"
5;AKSESIBILITAS;SUB-DIMENSI KEMUDAHAN AKSES;Layanan Telekomunikasi;Ketersediaan Akses Internet di sebagian besar wilayah Desa;;;;;;;;"Kemenkominfo, Kemendesa PDTT, Kementerian PUPR, BAKTI, Lembaga Penyedia Jasa Internet (ISP)";"Dinas Kominfo Provinsi, Dinas PUPR Provinsi";"Dinas Kominfo Kabupaten/Kota, Dinas Pendidikan dan kebudayaan Kabupaten/Kota";"Pemerintah Desa, Lembaga Masyarakat Desa,";"BUMDesa, Swasta, Akademisi"
6;TATA KELOLA PEMERINTAHAN DESA;SUB-DIMENSI KELEMBAGAAN DAN PELAYANAN DESA;Pelaksanaan Pelayanan dan Administrasi Desa;Pelaksanaan Pelayanan dan Administrasi Desa;;;;;;;;"Kemendagri, Kemendesa PDTT, Kemenkeu, BPKP, Lembaga Administrasi Negara";"Dinas Kesehatan Provinsi, BKD Provinsi";"Dinas Kominfo Kabupaten/Kota, Dinas PMD Kabupaten/Kota";"Pemerintah Desa, BPD,";"Swasta, Akademisi"
6;TATA KELOLA PEMERINTAHAN DESA;SUB-DIMENSI KELEMBAGAAN DAN PELAYANAN DESA;Pemanfaatan Teknologi dalam Pelayanan Desa (SPBE);Publikasi Informasi Pelayanan kepada masyarakat desa;;;;;;;;"Kemenkominfo, Kemendesa PDTT, Kemendagri, BAKTI, Komisi Informasi Pusat";"Dinas Kominfo Provinsi, Dinas PMD Provinsi";"Dinas Kominfo Kabupaten/Kota, Dinas PMD Kabupaten/Kota";"Pemerintah Desa, Lembaga Masyarakat Desa,";"BUMDesa, Swasta, Akademisi"
6;TATA KELOLA PEMERINTAHAN DESA;SUB-DIMENSI KELEMBAGAAN DAN PELAYANAN DESA;Pemanfaatan Teknologi dalam Pelayanan Desa (SPBE);Pelayanan Administrasi untuk masyarakat desa;;;;;;;;"Kemenkeu, Kemendesa PDTT, Kemendagri, Lembaga Administrasi Negara, Komisi Aparatur Sipil Negara";"Dinas Kominfo Provinsi, Dinas PMD Provinsi";"Dinas Kominfo Kabupaten/Kota, Dinas Dukcapil Kabupaten/Kota";"Pemerintah Desa, BPD,";"Swasta, Akademisi"
6;TATA KELOLA PEMERINTAHAN DESA;SUB-DIMENSI KELEMBAGAAN DAN PELAYANAN DESA;Pemanfaatan Teknologi dalam Pelayanan Desa (SPBE);Pelayanan Pengaduan untuk masyarakat desa;;;;;;;;"Kemendagri, Kemendesa PDTT, Kemenkumham, KORI, Komisi Informasi Pusat";"Dinas Kominfo Provinsi, Dinas PMD Provinsi";"Dinas Kominfo Kabupaten/Kota, Dinas PMD Kabupaten/Kota";"Pemerintah Desa, BPD,";"Swasta, Akademisi"
6;TATA KELOLA PEMERINTAHAN DESA;SUB-DIMENSI KELEMBAGAAN DAN PELAYANAN DESA;Pemanfaatan Teknologi dalam Pelayanan Desa (SPBE);Pelayanan Lainnya untuk masyarakat desa;;;;;;;;"Kemendagri, Kemendesa PDTT, Kemenkes, BNPB, BPS";"Dinas Kesehatan Provinsi, Dinas Sosial Provinsi";"Dinas Kesehatan Kabupaten/Kota, Dinas PMD Kabupaten/Kota";"Pemerintah Desa, BPD,";"Swasta, Akademisi"
6;TATA KELOLA PEMERINTAHAN DESA;SUB-DIMENSI KELEMBAGAAN DAN PELAYANAN DESA;Musyawarah Desa;Frekuensi Musyawarah Desa selama setahun terakhir;;;;;;;;"Kemendagri, Kemendesa PDTT, BPMD, Bappenas";"Bappeda Provinsi, Dinas PMD Provinsi";"Bappeda Kabupaten/Kota, Dinas PMD Kabupaten/Kota";"Pemerintah Desa, BPD,";"Swasta, Akademisi, LSM"
6;TATA KELOLA PEMERINTAHAN DESA;SUB-DIMENSI KELEMBAGAAN DAN PELAYANAN DESA;Musyawarah Desa;Musyawarah Desa dihadiri oleh unsur masyarakat atau unsur masyarakat lainnya;;;;;;;;"Kemendagri, Kemendesa PDTT, BPMD, Bappenas";"Dinas Pendidikan Provinsi, Dinas PMD Provinsi";"Dinas Sosial Kabupaten/Kota, Dinas PMD Kabupaten/Kota";"Pemerintah Desa, BPD,";"Swasta, Akademisi, LSM"
6;TATA KELOLA PEMERINTAHAN DESA;SUB-DIMENSI TATA KELOLA KEUANGAN DESA;Pendapatan Asli Desa (PADes) dan Dana Desa;Pendapatan Asli Desa;;;;;;;;"Kemendagri, Kemendesa PDTT, Kemenkeu, BPMD, BPKP";"Dinas Parekraf Provinsi, Dinas PMD Provinsi";"Dinas Koperasi dan UMKM Kabupaten/Kota, Dinas PMD Kabupaten/Kota";Pemerintah Desa;"BUMDesa, Swasta, Akademisi"
6;TATA KELOLA PEMERINTAHAN DESA;SUB-DIMENSI TATA KELOLA KEUANGAN DESA;Pendapatan Asli Desa (PADes) dan Dana Desa;Peningkatan PADes;;;;;;;;"Kemendagri, Kemendesa PDTT, Kemenkeu, Kemenparekraf, BPMD, Bappenas, BPKP";"Dinas Parekraf Provinsi, Dinas PMD Provinsi";"Dinas Koperasi dan UMKM Kabupaten/Kota, Dinas PMD Kabupaten/Kota";Pemerintah Desa;"BUMDesa, Swasta, Akademisi"
6;TATA KELOLA PEMERINTAHAN DESA;SUB-DIMENSI TATA KELOLA KEUANGAN DESA;Pendapatan Asli Desa (PADes) dan Dana Desa;Ketersediaan Penyertaan Modal dari Dana Desa kepada BUMDesa;;;;;;;;"Kemendagri, Kemendesa PDTT, Kemenkeu, Bappenas, BPKP";"Dinas Koperasi dan UMKM Provinsi, Dinas PMD Provinsi";"Dinas Keuangan Kabupaten/Kota, Dinas PMD Kabupaten/Kota";Pemerintah Desa;"BUMDesa, Swasta, Akademisi"
6;TATA KELOLA PEMERINTAHAN DESA;SUB-DIMENSI TATA KELOLA KEUANGAN DESA;Jumlah Kepemilikan dan Produktivitas Aset Desa;Kepemilikan Aset berupa Tanah Desa;;;;;;;;"Kementerian ATR/BPN, Kemendesa PDTT, Kemendagri, BPN, BPKP";"Dinas Pertanahan dan Tata Ruang Provinsi, Dinas PMD Provinsi";"Dinas PMD Kabupaten/Kota, ";Pemerintah Desa;"BUMDesa, Swasta, Akademisi"
6;TATA KELOLA PEMERINTAHAN DESA;SUB-DIMENSI TATA KELOLA KEUANGAN DESA;Jumlah Kepemilikan dan Produktivitas Aset Desa;Kepemilikan Aset berupa Kantor Desa;;;;;;;;"Kemendagri, Kemendesa PDTT, Kementerian PUPR, BPK, BPKP";"Dinas Pertanahan dan Tata Ruang Provinsi, Dinas PMD Provinsi";"Dinas PMD Kabupaten/Kota, Dinas Perumahan, Kawasan Permukiman, dan Pertanahan Kabupaten/Kota";"Pemerintah Desa, BPD";"Swasta, Akademisi"
6;TATA KELOLA PEMERINTAHAN DESA;SUB-DIMENSI TATA KELOLA KEUANGAN DESA;Jumlah Kepemilikan dan Produktivitas Aset Desa;Kepemilikan Aset berupa Pasar Desa;;;;;;;;"Kemendagri, Kemendesa PDTT, Kementerian Perdagangan, Kemenkeu, BPK, BPKP";"Dinas Koperasi dan UMKM Provinsi, Dinas PMD Provinsi";"Dinas Perdagangan dan Koperasi Kabupaten/Kota, Dinas PMD Kabupaten/Kota";"Pemerintah Desa, BPD";"BUMDesa, Swasta, Akademisi"
6;TATA KELOLA PEMERINTAHAN DESA;SUB-DIMENSI TATA KELOLA KEUANGAN DESA;Jumlah Kepemilikan dan Produktivitas Aset Desa;Kepemilikan Aset Lainnya;;;;;;;;"Kemendagri, Kemendesa PDTT, Kementerian PUPR, Kemenkeu, BPK, BPKP";"Dinas Pemuda dan Olahraga atau Kebudayaan Provinsi, Dinas PMD Provinsi";"Dinas Perdagangan dan Koperasi Kabupaten/Kota, Dinas PMD Kabupaten/Kota";"Pemerintah Desa, BPD";"BUMDesa, Swasta, Akademisi"
6;TATA KELOLA PEMERINTAHAN DESA;SUB-DIMENSI TATA KELOLA KEUANGAN DESA;Jumlah Kepemilikan dan Produktivitas Aset Desa;Produktivitas Kepemilikan Aset Desa;;;;;;;;"Kemendagri, Kemendesa PDTT, Kemenparekraf, Kemenkeu, Bappenas, BPKP";"Dinas Pariwisata dan Kebudayaan Provinsi, Dinas PMD Provinsi";"Dinas Koperasi dan UMKM Kabupaten/Kota, Dinas PMD Kabupaten/Kota, Dinas Perdagangan atau Perindustrian Kabupaten/Kota";"Pemerintah Desa, BPD";"BUMDesa, Swasta, Akademisi"
6;TATA KELOLA PEMERINTAHAN DESA;SUB-DIMENSI TATA KELOLA KEUANGAN DESA;Jumlah Kepemilikan dan Produktivitas Aset Desa;inventarisasi Aset Desa;;;;;;;;"Kemendagri, Kemendesa PDTT, Kemenkeu, BPN, BPKP, LKPP";Dinas PMD Provinsi;"Dinas Pertahanan Kabupaten/Kota, Dinas PMD Kabupaten/Kota, Dinas Keuangan Daerah Kabupaten/Kota";;
